Data_as_of,Age_group,COVID_Deaths
12/02/2020,All Ages,249570
12/02/2020,Under 1 year,29
12/02/2020,0-17 years,127
12/02/2020,1-4 years,16
12/02/2020,5-14 years,44
12/02/2020,15-24 years,439
12/02/2020,18-29 years,1059
12/02/2020,25-34 years,1852
12/02/2020,30-49 years,10916
12/02/2020,35-44 years,4771
12/02/2020,45-54 years,12701
12/02/2020,50-64 years,38625
12/02/2020,55-64 years,30875
12/02/2020,65-74 years,53579
12/02/2020,75-84 years,67305
12/02/2020,85 years and over,77959
12/02/2020,All Ages,135078
12/02/2020,Under 1 year,20
12/02/2020,0-17 years,75
12/02/2020,1-4 years,8
12/02/2020,5-14 years,29
12/02/2020,15-24 years,267
12/02/2020,18-29 years,671
12/02/2020,25-34 years,1192
12/02/2020,30-49 years,7367
12/02/2020,35-44 years,3208
12/02/2020,45-54 years,8573
12/02/2020,50-64 years,25089
12/02/2020,55-64 years,19905
12/02/2020,65-74 years,32798
12/02/2020,75-84 years,37255
12/02/2020,85 years and over,31823
12/02/2020,All Ages,114485
12/02/2020,Under 1 year,9
12/02/2020,0-17 years,52
12/02/2020,1-4 years,8
12/02/2020,5-14 years,15
12/02/2020,15-24 years,172
12/02/2020,18-29 years,388
12/02/2020,25-34 years,660
12/02/2020,30-49 years,3549
12/02/2020,35-44 years,1563
12/02/2020,45-54 years,4126
12/02/2020,50-64 years,13534
12/02/2020,55-64 years,10970
12/02/2020,65-74 years,20780
12/02/2020,75-84 years,30048
12/02/2020,85 years and over,46134
12/02/2020,All Ages,7
12/02/2020,Under 1 year,0
12/02/2020,0-17 years,0
12/02/2020,1-4 years,0
12/02/2020,5-14 years,0
12/02/2020,15-24 years,0
12/02/2020,18-29 years,0
12/02/2020,25-34 years,0
12/02/2020,30-49 years,0
12/02/2020,35-44 years,0
12/02/2020,45-54 years,2
12/02/2020,50-64 years,2
12/02/2020,55-64 years,0
12/02/2020,65-74 years,1
12/02/2020,75-84 years,2
12/02/2020,85 years and over,2
12/02/2020,All Ages,4453
12/02/2020,All Ages,2310
12/02/2020,Under 1 year,
12/02/2020,0-17 years,
12/02/2020,1-4 years,0
12/02/2020,5-14 years,0
12/02/2020,15-24 years,
12/02/2020,18-29 years,13
12/02/2020,25-34 years,20
12/02/2020,30-49 years,118
12/02/2020,35-44 years,57
12/02/2020,45-54 years,144
12/02/2020,50-64 years,440
12/02/2020,55-64 years,347
12/02/2020,65-74 years,643
12/02/2020,75-84 years,664
12/02/2020,85 years and over,431
12/02/2020,All Ages,2143
12/02/2020,Under 1 year,0
12/02/2020,0-17 years,0
12/02/2020,1-4 years,0
12/02/2020,5-14 years,0
12/02/2020,15-24 years,
12/02/2020,18-29 years,
12/02/2020,25-34 years,13
12/02/2020,30-49 years,88
12/02/2020,35-44 years,37
12/02/2020,45-54 years,118
12/02/2020,50-64 years,344
12/02/2020,55-64 years,266
12/02/2020,65-74 years,463
12/02/2020,75-84 years,565
12/02/2020,85 years and over,677
12/02/2020,All Ages,0
12/02/2020,Under 1 year,0
12/02/2020,0-17 years,0
12/02/2020,1-4 years,0
12/02/2020,5-14 years,0
12/02/2020,15-24 years,0
12/02/2020,18-29 years,0
12/02/2020,25-34 years,0
12/02/2020,30-49 years,0
12/02/2020,35-44 years,0
12/02/2020,45-54 years,0
12/02/2020,50-64 years,0
12/02/2020,55-64 years,0
12/02/2020,65-74 years,0
12/02/2020,75-84 years,0
12/02/2020,85 years and over,0
12/02/2020,All Ages,94
12/02/2020,All Ages,51
12/02/2020,Under 1 year,0
12/02/2020,0-17 years,0
12/02/2020,1-4 years,0
12/02/2020,5-14 years,0
12/02/2020,15-24 years,0
12/02/2020,18-29 years,0
12/02/2020,25-34 years,0
12/02/2020,30-49 years,
12/02/2020,35-44 years,
12/02/2020,45-54 years,
12/02/2020,50-64 years,
12/02/2020,55-64 years,
12/02/2020,65-74 years,16
12/02/2020,75-84 years,14
12/02/2020,85 years and over,10
12/02/2020,All Ages,43
12/02/2020,Under 1 year,0
12/02/2020,0-17 years,0
12/02/2020,1-4 years,0
12/02/2020,5-14 years,0
12/02/2020,15-24 years,0
12/02/2020,18-29 years,
12/02/2020,25-34 years,
12/02/2020,30-49 years,
12/02/2020,35-44 years,
12/02/2020,45-54 years,
12/02/2020,50-64 years,11
12/02/2020,55-64 years,10
12/02/2020,65-74 years,
12/02/2020,75-84 years,
12/02/2020,85 years and over,
12/02/2020,All Ages,0
12/02/2020,Under 1 year,0
12/02/2020,0-17 years,0
12/02/2020,1-4 years,0
12/02/2020,5-14 years,0
12/02/2020,15-24 years,0
12/02/2020,18-29 years,0
12/02/2020,25-34 years,0
12/02/2020,30-49 years,0
12/02/2020,35-44 years,0
12/02/2020,45-54 years,0
12/02/2020,50-64 years,0
12/02/2020,55-64 years,0
12/02/2020,65-74 years,0
12/02/2020,75-84 years,0
12/02/2020,85 years and over,0
12/02/2020,All Ages,5773
12/02/2020,All Ages,3321
12/02/2020,Under 1 year,0
12/02/2020,0-17 years,
12/02/2020,1-4 years,
12/02/2020,5-14 years,
12/02/2020,15-24 years,18
12/02/2020,18-29 years,40
12/02/2020,25-34 years,60
12/02/2020,30-49 years,270
12/02/2020,35-44 years,125
12/02/2020,45-54 years,279
12/02/2020,50-64 years,737
12/02/2020,55-64 years,566
12/02/2020,65-74 years,787
12/02/2020,75-84 years,878
12/02/2020,85 years and over,604
12/02/2020,All Ages,2452
12/02/2020,Under 1 year,0
12/02/2020,0-17 years,0
12/02/2020,1-4 years,0
12/02/2020,5-14 years,0
12/02/2020,15-24 years,
12/02/2020,18-29 years,17
12/02/2020,25-34 years,33
12/02/2020,30-49 years,150
12/02/2020,35-44 years,67
12/02/2020,45-54 years,126
12/02/2020,50-64 years,396
12/02/2020,55-64 years,331
12/02/2020,65-74 years,545
12/02/2020,75-84 years,647
12/02/2020,85 years and over,697
12/02/2020,All Ages,0
12/02/2020,Under 1 year,0
12/02/2020,0-17 years,0
12/02/2020,1-4 years,0
12/02/2020,5-14 years,0
12/02/2020,15-24 years,0
12/02/2020,18-29 years,0
12/02/2020,25-34 years,0
12/02/2020,30-49 years,0
12/02/2020,35-44 years,0
12/02/2020,45-54 years,0
12/02/2020,50-64 years,0
12/02/2020,55-64 years,0
12/02/2020,65-74 years,0
12/02/2020,75-84 years,0
12/02/2020,85 years and over,0
12/02/2020,All Ages,2457
12/02/2020,All Ages,1250
12/02/2020,Under 1 year,0
12/02/2020,0-17 years,0
12/02/2020,1-4 years,0
12/02/2020,5-14 years,0
12/02/2020,15-24 years,
12/02/2020,18-29 years,
12/02/2020,25-34 years,10
12/02/2020,30-49 years,55
12/02/2020,35-44 years,22
12/02/2020,45-54 years,72
12/02/2020,50-64 years,213
12/02/2020,55-64 years,168
12/02/2020,65-74 years,277
12/02/2020,75-84 years,387
12/02/2020,85 years and over,313
12/02/2020,All Ages,1207
12/02/2020,Under 1 year,0
12/02/2020,0-17 years,0
12/02/2020,1-4 years,0
12/02/2020,5-14 years,0
12/02/2020,15-24 years,
12/02/2020,18-29 years,
12/02/2020,25-34 years,
12/02/2020,30-49 years,51
12/02/2020,35-44 years,18
12/02/2020,45-54 years,41
12/02/2020,50-64 years,134
12/02/2020,55-64 years,120
12/02/2020,65-74 years,205
12/02/2020,75-84 years,320
12/02/2020,85 years and over,493
12/02/2020,All Ages,0
12/02/2020,Under 1 year,0
12/02/2020,0-17 years,0
12/02/2020,1-4 years,0
12/02/2020,5-14 years,0
12/02/2020,15-24 years,0
12/02/2020,18-29 years,0
12/02/2020,25-34 years,0
12/02/2020,30-49 years,0
12/02/2020,35-44 years,0
12/02/2020,45-54 years,0
12/02/2020,50-64 years,0
12/02/2020,55-64 years,0
12/02/2020,65-74 years,0
12/02/2020,75-84 years,0
12/02/2020,85 years and over,0
12/02/2020,All Ages,18505
12/02/2020,All Ages,10743
12/02/2020,Under 1 year,
12/02/2020,0-17 years,
12/02/2020,1-4 years,0
12/02/2020,5-14 years,
12/02/2020,15-24 years,29
12/02/2020,18-29 years,76
12/02/2020,25-34 years,135
12/02/2020,30-49 years,848
12/02/2020,35-44 years,364
12/02/2020,45-54 years,968
12/02/2020,50-64 years,2546
12/02/2020,55-64 years,1975
12/02/2020,65-74 years,2602
12/02/2020,75-84 years,2460
12/02/2020,85 years and over,2208
12/02/2020,All Ages,7762
12/02/2020,Under 1 year,0
12/02/2020,0-17 years,
12/02/2020,1-4 years,
12/02/2020,5-14 years,0
12/02/2020,15-24 years,26
12/02/2020,18-29 years,51
12/02/2020,25-34 years,76
12/02/2020,30-49 years,347
12/02/2020,35-44 years,161
12/02/2020,45-54 years,370
12/02/2020,50-64 years,1066
12/02/2020,55-64 years,833
12/02/2020,65-74 years,1430
12/02/2020,75-84 years,1935
12/02/2020,85 years and over,2930
12/02/2020,All Ages,0
12/02/2020,Under 1 year,0
12/02/2020,0-17 years,0
12/02/2020,1-4 years,0
12/02/2020,5-14 years,0
12/02/2020,15-24 years,0
12/02/2020,18-29 years,0
12/02/2020,25-34 years,0
12/02/2020,30-49 years,0
12/02/2020,35-44 years,0
12/02/2020,45-54 years,0
12/02/2020,50-64 years,0
12/02/2020,55-64 years,0
12/02/2020,65-74 years,0
12/02/2020,75-84 years,0
12/02/2020,85 years and over,0
12/02/2020,All Ages,2708
12/02/2020,All Ages,1489
12/02/2020,Under 1 year,0
12/02/2020,0-17 years,
12/02/2020,1-4 years,0
12/02/2020,5-14 years,
12/02/2020,15-24 years,
12/02/2020,18-29 years,
12/02/2020,25-34 years,
12/02/2020,30-49 years,72
12/02/2020,35-44 years,26
12/02/2020,45-54 years,91
12/02/2020,50-64 years,247
12/02/2020,55-64 years,199
12/02/2020,65-74 years,332
12/02/2020,75-84 years,411
12/02/2020,85 years and over,417
12/02/2020,All Ages,1219
12/02/2020,Under 1 year,0
12/02/2020,0-17 years,
12/02/2020,1-4 years,0
12/02/2020,5-14 years,0
12/02/2020,15-24 years,
12/02/2020,18-29 years,
12/02/2020,25-34 years,
12/02/2020,30-49 years,27
12/02/2020,35-44 years,14
12/02/2020,45-54 years,33
12/02/2020,50-64 years,91
12/02/2020,55-64 years,68
12/02/2020,65-74 years,184
12/02/2020,75-84 years,346
12/02/2020,85 years and over,568
12/02/2020,All Ages,0
12/02/2020,Under 1 year,0
12/02/2020,0-17 years,0
12/02/2020,1-4 years,0
12/02/2020,5-14 years,0
12/02/2020,15-24 years,0
12/02/2020,18-29 years,0
12/02/2020,25-34 years,0
12/02/2020,30-49 years,0
12/02/2020,35-44 years,0
12/02/2020,45-54 years,0
12/02/2020,50-64 years,0
12/02/2020,55-64 years,0
12/02/2020,65-74 years,0
12/02/2020,75-84 years,0
12/02/2020,85 years and over,0
12/02/2020,All Ages,4604
12/02/2020,All Ages,2212
12/02/2020,Under 1 year,0
12/02/2020,0-17 years,0
12/02/2020,1-4 years,0
12/02/2020,5-14 years,0
12/02/2020,15-24 years,
12/02/2020,18-29 years,
12/02/2020,25-34 years,10
12/02/2020,30-49 years,59
12/02/2020,35-44 years,19
12/02/2020,45-54 years,79
12/02/2020,50-64 years,297
12/02/2020,55-64 years,251
12/02/2020,65-74 years,477
12/02/2020,75-84 years,607
12/02/2020,85 years and over,768
12/02/2020,All Ages,2392
12/02/2020,Under 1 year,
12/02/2020,0-17 years,
12/02/2020,1-4 years,0
12/02/2020,5-14 years,0
12/02/2020,15-24 years,
12/02/2020,18-29 years,
12/02/2020,25-34 years,
12/02/2020,30-49 years,25
12/02/2020,35-44 years,10
12/02/2020,45-54 years,28
12/02/2020,50-64 years,147
12/02/2020,55-64 years,131
12/02/2020,65-74 years,312
12/02/2020,75-84 years,596
12/02/2020,85 years and over,1309
12/02/2020,All Ages,0
12/02/2020,Under 1 year,0
12/02/2020,0-17 years,0
12/02/2020,1-4 years,0
12/02/2020,5-14 years,0
12/02/2020,15-24 years,0
12/02/2020,18-29 years,0
12/02/2020,25-34 years,0
12/02/2020,30-49 years,0
12/02/2020,35-44 years,0
12/02/2020,45-54 years,0
12/02/2020,50-64 years,0
12/02/2020,55-64 years,0
12/02/2020,65-74 years,0
12/02/2020,75-84 years,0
12/02/2020,85 years and over,0
12/02/2020,All Ages,658
12/02/2020,All Ages,311
12/02/2020,Under 1 year,0
12/02/2020,0-17 years,0
12/02/2020,1-4 years,0
12/02/2020,5-14 years,0
12/02/2020,15-24 years,
12/02/2020,18-29 years,
12/02/2020,25-34 years,
12/02/2020,30-49 years,11
12/02/2020,35-44 years,
12/02/2020,45-54 years,13
12/02/2020,50-64 years,49
12/02/2020,55-64 years,41
12/02/2020,65-74 years,84
12/02/2020,75-84 years,91
12/02/2020,85 years and over,74
12/02/2020,All Ages,347
12/02/2020,Under 1 year,0
12/02/2020,0-17 years,0
12/02/2020,1-4 years,0
12/02/2020,5-14 years,0
12/02/2020,15-24 years,
12/02/2020,18-29 years,
12/02/2020,25-34 years,
12/02/2020,30-49 years,10
12/02/2020,35-44 years,
12/02/2020,45-54 years,18
12/02/2020,50-64 years,42
12/02/2020,55-64 years,28
12/02/2020,65-74 years,50
12/02/2020,75-84 years,94
12/02/2020,85 years and over,149
12/02/2020,All Ages,0
12/02/2020,Under 1 year,0
12/02/2020,0-17 years,0
12/02/2020,1-4 years,0
12/02/2020,5-14 years,0
12/02/2020,15-24 years,0
12/02/2020,18-29 years,0
12/02/2020,25-34 years,0
12/02/2020,30-49 years,0
12/02/2020,35-44 years,0
12/02/2020,45-54 years,0
12/02/2020,50-64 years,0
12/02/2020,55-64 years,0
12/02/2020,65-74 years,0
12/02/2020,75-84 years,0
12/02/2020,85 years and over,0
12/02/2020,All Ages,827
12/02/2020,All Ages,485
12/02/2020,Under 1 year,
12/02/2020,0-17 years,
12/02/2020,1-4 years,0
12/02/2020,5-14 years,0
12/02/2020,15-24 years,0
12/02/2020,18-29 years,
12/02/2020,25-34 years,
12/02/2020,30-49 years,46
12/02/2020,35-44 years,23
12/02/2020,45-54 years,52
12/02/2020,50-64 years,126
12/02/2020,55-64 years,95
12/02/2020,65-74 years,141
12/02/2020,75-84 years,99
12/02/2020,85 years and over,68
12/02/2020,All Ages,342
12/02/2020,Under 1 year,0
12/02/2020,0-17 years,0
12/02/2020,1-4 years,0
12/02/2020,5-14 years,0
12/02/2020,15-24 years,
12/02/2020,18-29 years,
12/02/2020,25-34 years,
12/02/2020,30-49 years,15
12/02/2020,35-44 years,
12/02/2020,45-54 years,22
12/02/2020,50-64 years,72
12/02/2020,55-64 years,59
12/02/2020,65-74 years,84
12/02/2020,75-84 years,71
12/02/2020,85 years and over,97
12/02/2020,All Ages,0
12/02/2020,Under 1 year,0
12/02/2020,0-17 years,0
12/02/2020,1-4 years,0
12/02/2020,5-14 years,0
12/02/2020,15-24 years,0
12/02/2020,18-29 years,0
12/02/2020,25-34 years,0
12/02/2020,30-49 years,0
12/02/2020,35-44 years,0
12/02/2020,45-54 years,0
12/02/2020,50-64 years,0
12/02/2020,55-64 years,0
12/02/2020,65-74 years,0
12/02/2020,75-84 years,0
12/02/2020,85 years and over,0
12/02/2020,All Ages,17669
12/02/2020,All Ages,9910
12/02/2020,Under 1 year,0
12/02/2020,0-17 years,
12/02/2020,1-4 years,0
12/02/2020,5-14 years,
12/02/2020,15-24 years,20
12/02/2020,18-29 years,43
12/02/2020,25-34 years,67
12/02/2020,30-49 years,444
12/02/2020,35-44 years,200
12/02/2020,45-54 years,508
12/02/2020,50-64 years,1633
12/02/2020,55-64 years,1327
12/02/2020,65-74 years,2354
12/02/2020,75-84 years,2967
12/02/2020,85 years and over,2466
12/02/2020,All Ages,7759
12/02/2020,Under 1 year,0
12/02/2020,0-17 years,
12/02/2020,1-4 years,0
12/02/2020,5-14 years,
12/02/2020,15-24 years,13
12/02/2020,18-29 years,21
12/02/2020,25-34 years,40
12/02/2020,30-49 years,236
12/02/2020,35-44 years,110
12/02/2020,45-54 years,242
12/02/2020,50-64 years,845
12/02/2020,55-64 years,699
12/02/2020,65-74 years,1471
12/02/2020,75-84 years,2202
12/02/2020,85 years and over,2978
12/02/2020,All Ages,0
12/02/2020,Under 1 year,0
12/02/2020,0-17 years,0
12/02/2020,1-4 years,0
12/02/2020,5-14 years,0
12/02/2020,15-24 years,0
12/02/2020,18-29 years,0
12/02/2020,25-34 years,0
12/02/2020,30-49 years,0
12/02/2020,35-44 years,0
12/02/2020,45-54 years,0
12/02/2020,50-64 years,0
12/02/2020,55-64 years,0
12/02/2020,65-74 years,0
12/02/2020,75-84 years,0
12/02/2020,85 years and over,0
12/02/2020,All Ages,7737
12/02/2020,All Ages,4082
12/02/2020,Under 1 year,
12/02/2020,0-17 years,
12/02/2020,1-4 years,
12/02/2020,5-14 years,
12/02/2020,15-24 years,12
12/02/2020,18-29 years,20
12/02/2020,25-34 years,38
12/02/2020,30-49 years,236
12/02/2020,35-44 years,98
12/02/2020,45-54 years,283
12/02/2020,50-64 years,828
12/02/2020,55-64 years,655
12/02/2020,65-74 years,1156
12/02/2020,75-84 years,1134
12/02/2020,85 years and over,701
12/02/2020,All Ages,3655
12/02/2020,Under 1 year,0
12/02/2020,0-17 years,
12/02/2020,1-4 years,0
12/02/2020,5-14 years,
12/02/2020,15-24 years,
12/02/2020,18-29 years,19
12/02/2020,25-34 years,37
12/02/2020,30-49 years,178
12/02/2020,35-44 years,75
12/02/2020,45-54 years,177
12/02/2020,50-64 years,567
12/02/2020,55-64 years,467
12/02/2020,65-74 years,816
12/02/2020,75-84 years,974
12/02/2020,85 years and over,1100
12/02/2020,All Ages,0
12/02/2020,Under 1 year,0
12/02/2020,0-17 years,0
12/02/2020,1-4 years,0
12/02/2020,5-14 years,0
12/02/2020,15-24 years,0
12/02/2020,18-29 years,0
12/02/2020,25-34 years,0
12/02/2020,30-49 years,0
12/02/2020,35-44 years,0
12/02/2020,45-54 years,0
12/02/2020,50-64 years,0
12/02/2020,55-64 years,0
12/02/2020,65-74 years,0
12/02/2020,75-84 years,0
12/02/2020,85 years and over,0
12/02/2020,All Ages,304
12/02/2020,All Ages,192
12/02/2020,Under 1 year,0
12/02/2020,0-17 years,0
12/02/2020,1-4 years,0
12/02/2020,5-14 years,0
12/02/2020,15-24 years,
12/02/2020,18-29 years,
12/02/2020,25-34 years,
12/02/2020,30-49 years,
12/02/2020,35-44 years,
12/02/2020,45-54 years,16
12/02/2020,50-64 years,42
12/02/2020,55-64 years,29
12/02/2020,65-74 years,53
12/02/2020,75-84 years,45
12/02/2020,85 years and over,45
12/02/2020,All Ages,112
12/02/2020,Under 1 year,0
12/02/2020,0-17 years,0
12/02/2020,1-4 years,0
12/02/2020,5-14 years,0
12/02/2020,15-24 years,0
12/02/2020,18-29 years,
12/02/2020,25-34 years,
12/02/2020,30-49 years,
12/02/2020,35-44 years,
12/02/2020,45-54 years,
12/02/2020,50-64 years,18
12/02/2020,55-64 years,17
12/02/2020,65-74 years,19
12/02/2020,75-84 years,21
12/02/2020,85 years and over,48
12/02/2020,All Ages,0
12/02/2020,Under 1 year,0
12/02/2020,0-17 years,0
12/02/2020,1-4 years,0
12/02/2020,5-14 years,0
12/02/2020,15-24 years,0
12/02/2020,18-29 years,0
12/02/2020,25-34 years,0
12/02/2020,30-49 years,0
12/02/2020,35-44 years,0
12/02/2020,45-54 years,0
12/02/2020,50-64 years,0
12/02/2020,55-64 years,0
12/02/2020,65-74 years,0
12/02/2020,75-84 years,0
12/02/2020,85 years and over,0
12/02/2020,All Ages,908
12/02/2020,All Ages,517
12/02/2020,Under 1 year,0
12/02/2020,0-17 years,0
12/02/2020,1-4 years,0
12/02/2020,5-14 years,0
12/02/2020,15-24 years,
12/02/2020,18-29 years,
12/02/2020,25-34 years,
12/02/2020,30-49 years,15
12/02/2020,35-44 years,
12/02/2020,45-54 years,13
12/02/2020,50-64 years,49
12/02/2020,55-64 years,42
12/02/2020,65-74 years,122
12/02/2020,75-84 years,170
12/02/2020,85 years and over,159
12/02/2020,All Ages,391
12/02/2020,Under 1 year,0
12/02/2020,0-17 years,0
12/02/2020,1-4 years,0
12/02/2020,5-14 years,0
12/02/2020,15-24 years,0
12/02/2020,18-29 years,0
12/02/2020,25-34 years,0
12/02/2020,30-49 years,10
12/02/2020,35-44 years,
12/02/2020,45-54 years,10
12/02/2020,50-64 years,31
12/02/2020,55-64 years,27
12/02/2020,65-74 years,70
12/02/2020,75-84 years,102
12/02/2020,85 years and over,178
12/02/2020,All Ages,0
12/02/2020,Under 1 year,0
12/02/2020,0-17 years,0
12/02/2020,1-4 years,0
12/02/2020,5-14 years,0
12/02/2020,15-24 years,0
12/02/2020,18-29 years,0
12/02/2020,25-34 years,0
12/02/2020,30-49 years,0
12/02/2020,35-44 years,0
12/02/2020,45-54 years,0
12/02/2020,50-64 years,0
12/02/2020,55-64 years,0
12/02/2020,65-74 years,0
12/02/2020,75-84 years,0
12/02/2020,85 years and over,0
12/02/2020,All Ages,10956
12/02/2020,All Ages,5957
12/02/2020,Under 1 year,
12/02/2020,0-17 years,
12/02/2020,1-4 years,0
12/02/2020,5-14 years,
12/02/2020,15-24 years,11
12/02/2020,18-29 years,29
12/02/2020,25-34 years,52
12/02/2020,30-49 years,352
12/02/2020,35-44 years,156
12/02/2020,45-54 years,394
12/02/2020,50-64 years,1065
12/02/2020,55-64 years,833
12/02/2020,65-74 years,1452
12/02/2020,75-84 years,1610
12/02/2020,85 years and over,1447
12/02/2020,All Ages,4999
12/02/2020,Under 1 year,
12/02/2020,0-17 years,
12/02/2020,1-4 years,0
12/02/2020,5-14 years,0
12/02/2020,15-24 years,
12/02/2020,18-29 years,14
12/02/2020,25-34 years,28
12/02/2020,30-49 years,141
12/02/2020,35-44 years,64
12/02/2020,45-54 years,167
12/02/2020,50-64 years,563
12/02/2020,55-64 years,451
12/02/2020,65-74 years,832
12/02/2020,75-84 years,1243
12/02/2020,85 years and over,2205
12/02/2020,All Ages,0
12/02/2020,Under 1 year,0
12/02/2020,0-17 years,0
12/02/2020,1-4 years,0
12/02/2020,5-14 years,0
12/02/2020,15-24 years,0
12/02/2020,18-29 years,0
12/02/2020,25-34 years,0
12/02/2020,30-49 years,0
12/02/2020,35-44 years,0
12/02/2020,45-54 years,0
12/02/2020,50-64 years,0
12/02/2020,55-64 years,0
12/02/2020,65-74 years,0
12/02/2020,75-84 years,0
12/02/2020,85 years and over,0
12/02/2020,All Ages,5355
12/02/2020,All Ages,2718
12/02/2020,Under 1 year,0
12/02/2020,0-17 years,
12/02/2020,1-4 years,
12/02/2020,5-14 years,0
12/02/2020,15-24 years,
12/02/2020,18-29 years,
12/02/2020,25-34 years,13
12/02/2020,30-49 years,78
12/02/2020,35-44 years,29
12/02/2020,45-54 years,96
12/02/2020,50-64 years,368
12/02/2020,55-64 years,312
12/02/2020,65-74 years,669
12/02/2020,75-84 years,821
12/02/2020,85 years and over,775
12/02/2020,All Ages,2637
12/02/2020,Under 1 year,0
12/02/2020,0-17 years,0
12/02/2020,1-4 years,0
12/02/2020,5-14 years,0
12/02/2020,15-24 years,
12/02/2020,18-29 years,
12/02/2020,25-34 years,
12/02/2020,30-49 years,50
12/02/2020,35-44 years,24
12/02/2020,45-54 years,63
12/02/2020,50-64 years,223
12/02/2020,55-64 years,184
12/02/2020,65-74 years,425
12/02/2020,75-84 years,738
12/02/2020,85 years and over,1195
12/02/2020,All Ages,0
12/02/2020,Under 1 year,0
12/02/2020,0-17 years,0
12/02/2020,1-4 years,0
12/02/2020,5-14 years,0
12/02/2020,15-24 years,0
12/02/2020,18-29 years,0
12/02/2020,25-34 years,0
12/02/2020,30-49 years,0
12/02/2020,35-44 years,0
12/02/2020,45-54 years,0
12/02/2020,50-64 years,0
12/02/2020,55-64 years,0
12/02/2020,65-74 years,0
12/02/2020,75-84 years,0
12/02/2020,85 years and over,0
12/02/2020,All Ages,2644
12/02/2020,All Ages,1372
12/02/2020,Under 1 year,0
12/02/2020,0-17 years,0
12/02/2020,1-4 years,0
12/02/2020,5-14 years,0
12/02/2020,15-24 years,0
12/02/2020,18-29 years,
12/02/2020,25-34 years,
12/02/2020,30-49 years,46
12/02/2020,35-44 years,24
12/02/2020,45-54 years,55
12/02/2020,50-64 years,201
12/02/2020,55-64 years,164
12/02/2020,65-74 years,259
12/02/2020,75-84 years,384
12/02/2020,85 years and over,479
12/02/2020,All Ages,1272
12/02/2020,Under 1 year,
12/02/2020,0-17 years,
12/02/2020,1-4 years,
12/02/2020,5-14 years,0
12/02/2020,15-24 years,
12/02/2020,18-29 years,
12/02/2020,25-34 years,
12/02/2020,30-49 years,19
12/02/2020,35-44 years,
12/02/2020,45-54 years,21
12/02/2020,50-64 years,106
12/02/2020,55-64 years,92
12/02/2020,65-74 years,189
12/02/2020,75-84 years,341
12/02/2020,85 years and over,612
12/02/2020,All Ages,0
12/02/2020,Under 1 year,0
12/02/2020,0-17 years,0
12/02/2020,1-4 years,0
12/02/2020,5-14 years,0
12/02/2020,15-24 years,0
12/02/2020,18-29 years,0
12/02/2020,25-34 years,0
12/02/2020,30-49 years,0
12/02/2020,35-44 years,0
12/02/2020,45-54 years,0
12/02/2020,50-64 years,0
12/02/2020,55-64 years,0
12/02/2020,65-74 years,0
12/02/2020,75-84 years,0
12/02/2020,85 years and over,0
12/02/2020,All Ages,1675
12/02/2020,All Ages,929
12/02/2020,Under 1 year,0
12/02/2020,0-17 years,0
12/02/2020,1-4 years,0
12/02/2020,5-14 years,0
12/02/2020,15-24 years,
12/02/2020,18-29 years,
12/02/2020,25-34 years,
12/02/2020,30-49 years,42
12/02/2020,35-44 years,16
12/02/2020,45-54 years,42
12/02/2020,50-64 years,124
12/02/2020,55-64 years,104
12/02/2020,65-74 years,189
12/02/2020,75-84 years,294
12/02/2020,85 years and over,275
12/02/2020,All Ages,746
12/02/2020,Under 1 year,0
12/02/2020,0-17 years,0
12/02/2020,1-4 years,0
12/02/2020,5-14 years,0
12/02/2020,15-24 years,
12/02/2020,18-29 years,
12/02/2020,25-34 years,
12/02/2020,30-49 years,14
12/02/2020,35-44 years,
12/02/2020,45-54 years,15
12/02/2020,50-64 years,64
12/02/2020,55-64 years,55
12/02/2020,65-74 years,117
12/02/2020,75-84 years,209
12/02/2020,85 years and over,337
12/02/2020,All Ages,0
12/02/2020,Under 1 year,0
12/02/2020,0-17 years,0
12/02/2020,1-4 years,0
12/02/2020,5-14 years,0
12/02/2020,15-24 years,0
12/02/2020,18-29 years,0
12/02/2020,25-34 years,0
12/02/2020,30-49 years,0
12/02/2020,35-44 years,0
12/02/2020,45-54 years,0
12/02/2020,50-64 years,0
12/02/2020,55-64 years,0
12/02/2020,65-74 years,0
12/02/2020,75-84 years,0
12/02/2020,85 years and over,0
12/02/2020,All Ages,2148
12/02/2020,All Ages,1032
12/02/2020,Under 1 year,
12/02/2020,0-17 years,
12/02/2020,1-4 years,0
12/02/2020,5-14 years,0
12/02/2020,15-24 years,0
12/02/2020,18-29 years,0
12/02/2020,25-34 years,
12/02/2020,30-49 years,37
12/02/2020,35-44 years,23
12/02/2020,45-54 years,36
12/02/2020,50-64 years,146
12/02/2020,55-64 years,120
12/02/2020,65-74 years,292
12/02/2020,75-84 years,285
12/02/2020,85 years and over,271
12/02/2020,All Ages,1116
12/02/2020,Under 1 year,0
12/02/2020,0-17 years,0
12/02/2020,1-4 years,0
12/02/2020,5-14 years,0
12/02/2020,15-24 years,0
12/02/2020,18-29 years,
12/02/2020,25-34 years,
12/02/2020,30-49 years,19
12/02/2020,35-44 years,
12/02/2020,45-54 years,30
12/02/2020,50-64 years,119
12/02/2020,55-64 years,98
12/02/2020,65-74 years,192
12/02/2020,75-84 years,297
12/02/2020,85 years and over,488
12/02/2020,All Ages,0
12/02/2020,Under 1 year,0
12/02/2020,0-17 years,0
12/02/2020,1-4 years,0
12/02/2020,5-14 years,0
12/02/2020,15-24 years,0
12/02/2020,18-29 years,0
12/02/2020,25-34 years,0
12/02/2020,30-49 years,0
12/02/2020,35-44 years,0
12/02/2020,45-54 years,0
12/02/2020,50-64 years,0
12/02/2020,55-64 years,0
12/02/2020,65-74 years,0
12/02/2020,75-84 years,0
12/02/2020,85 years and over,0
12/02/2020,All Ages,5574
12/02/2020,All Ages,2954
12/02/2020,Under 1 year,
12/02/2020,0-17 years,
12/02/2020,1-4 years,
12/02/2020,5-14 years,
12/02/2020,15-24 years,10
12/02/2020,18-29 years,15
12/02/2020,25-34 years,22
12/02/2020,30-49 years,152
12/02/2020,35-44 years,65
12/02/2020,45-54 years,173
12/02/2020,50-64 years,541
12/02/2020,55-64 years,440
12/02/2020,65-74 years,794
12/02/2020,75-84 years,853
12/02/2020,85 years and over,593
12/02/2020,All Ages,2620
12/02/2020,Under 1 year,
12/02/2020,0-17 years,
12/02/2020,1-4 years,0
12/02/2020,5-14 years,0
12/02/2020,15-24 years,
12/02/2020,18-29 years,11
12/02/2020,25-34 years,19
12/02/2020,30-49 years,112
12/02/2020,35-44 years,59
12/02/2020,45-54 years,115
12/02/2020,50-64 years,403
12/02/2020,55-64 years,329
12/02/2020,65-74 years,513
12/02/2020,75-84 years,785
12/02/2020,85 years and over,794
12/02/2020,All Ages,0
12/02/2020,Under 1 year,0
12/02/2020,0-17 years,0
12/02/2020,1-4 years,0
12/02/2020,5-14 years,0
12/02/2020,15-24 years,0
12/02/2020,18-29 years,0
12/02/2020,25-34 years,0
12/02/2020,30-49 years,0
12/02/2020,35-44 years,0
12/02/2020,45-54 years,0
12/02/2020,50-64 years,0
12/02/2020,55-64 years,0
12/02/2020,65-74 years,0
12/02/2020,75-84 years,0
12/02/2020,85 years and over,0
12/02/2020,All Ages,219
12/02/2020,All Ages,110
12/02/2020,Under 1 year,0
12/02/2020,0-17 years,0
12/02/2020,1-4 years,0
12/02/2020,5-14 years,0
12/02/2020,15-24 years,0
12/02/2020,18-29 years,
12/02/2020,25-34 years,
12/02/2020,30-49 years,
12/02/2020,35-44 years,
12/02/2020,45-54 years,
12/02/2020,50-64 years,13
12/02/2020,55-64 years,11
12/02/2020,65-74 years,27
12/02/2020,75-84 years,35
12/02/2020,85 years and over,30
12/02/2020,All Ages,109
12/02/2020,Under 1 year,0
12/02/2020,0-17 years,0
12/02/2020,1-4 years,0
12/02/2020,5-14 years,0
12/02/2020,15-24 years,0
12/02/2020,18-29 years,0
12/02/2020,25-34 years,0
12/02/2020,30-49 years,
12/02/2020,35-44 years,
12/02/2020,45-54 years,
12/02/2020,50-64 years,
12/02/2020,55-64 years,
12/02/2020,65-74 years,11
12/02/2020,75-84 years,36
12/02/2020,85 years and over,54
12/02/2020,All Ages,0
12/02/2020,Under 1 year,0
12/02/2020,0-17 years,0
12/02/2020,1-4 years,0
12/02/2020,5-14 years,0
12/02/2020,15-24 years,0
12/02/2020,18-29 years,0
12/02/2020,25-34 years,0
12/02/2020,30-49 years,0
12/02/2020,35-44 years,0
12/02/2020,45-54 years,0
12/02/2020,50-64 years,0
12/02/2020,55-64 years,0
12/02/2020,65-74 years,0
12/02/2020,75-84 years,0
12/02/2020,85 years and over,0
12/02/2020,All Ages,4848
12/02/2020,All Ages,2481
12/02/2020,Under 1 year,
12/02/2020,0-17 years,
12/02/2020,1-4 years,0
12/02/2020,5-14 years,0
12/02/2020,15-24 years,
12/02/2020,18-29 years,20
12/02/2020,25-34 years,33
12/02/2020,30-49 years,154
12/02/2020,35-44 years,75
12/02/2020,45-54 years,156
12/02/2020,50-64 years,467
12/02/2020,55-64 years,371
12/02/2020,65-74 years,546
12/02/2020,75-84 years,705
12/02/2020,85 years and over,587
12/02/2020,All Ages,2367
12/02/2020,Under 1 year,0
12/02/2020,0-17 years,
12/02/2020,1-4 years,0
12/02/2020,5-14 years,0
12/02/2020,15-24 years,
12/02/2020,18-29 years,
12/02/2020,25-34 years,10
12/02/2020,30-49 years,63
12/02/2020,35-44 years,29
12/02/2020,45-54 years,92
12/02/2020,50-64 years,273
12/02/2020,55-64 years,210
12/02/2020,65-74 years,423
12/02/2020,75-84 years,632
12/02/2020,85 years and over,966
12/02/2020,All Ages,0
12/02/2020,Under 1 year,0
12/02/2020,0-17 years,0
12/02/2020,1-4 years,0
12/02/2020,5-14 years,0
12/02/2020,15-24 years,0
12/02/2020,18-29 years,0
12/02/2020,25-34 years,0
12/02/2020,30-49 years,0
12/02/2020,35-44 years,0
12/02/2020,45-54 years,0
12/02/2020,50-64 years,0
12/02/2020,55-64 years,0
12/02/2020,65-74 years,0
12/02/2020,75-84 years,0
12/02/2020,85 years and over,0
12/02/2020,All Ages,8551
12/02/2020,All Ages,4012
12/02/2020,Under 1 year,0
12/02/2020,0-17 years,0
12/02/2020,1-4 years,0
12/02/2020,5-14 years,0
12/02/2020,15-24 years,
12/02/2020,18-29 years,
12/02/2020,25-34 years,12
12/02/2020,30-49 years,83
12/02/2020,35-44 years,35
12/02/2020,45-54 years,104
12/02/2020,50-64 years,446
12/02/2020,55-64 years,380
12/02/2020,65-74 years,787
12/02/2020,75-84 years,1208
12/02/2020,85 years and over,1481
12/02/2020,All Ages,4539
12/02/2020,Under 1 year,0
12/02/2020,0-17 years,
12/02/2020,1-4 years,0
12/02/2020,5-14 years,0
12/02/2020,15-24 years,
12/02/2020,18-29 years,
12/02/2020,25-34 years,
12/02/2020,30-49 years,39
12/02/2020,35-44 years,16
12/02/2020,45-54 years,69
12/02/2020,50-64 years,267
12/02/2020,55-64 years,217
12/02/2020,65-74 years,525
12/02/2020,75-84 years,1124
12/02/2020,85 years and over,2578
12/02/2020,All Ages,0
12/02/2020,Under 1 year,0
12/02/2020,0-17 years,0
12/02/2020,1-4 years,0
12/02/2020,5-14 years,0
12/02/2020,15-24 years,0
12/02/2020,18-29 years,0
12/02/2020,25-34 years,0
12/02/2020,30-49 years,0
12/02/2020,35-44 years,0
12/02/2020,45-54 years,0
12/02/2020,50-64 years,0
12/02/2020,55-64 years,0
12/02/2020,65-74 years,0
12/02/2020,75-84 years,0
12/02/2020,85 years and over,0
12/02/2020,All Ages,7750
12/02/2020,All Ages,4124
12/02/2020,Under 1 year,0
12/02/2020,0-17 years,0
12/02/2020,1-4 years,0
12/02/2020,5-14 years,0
12/02/2020,15-24 years,
12/02/2020,18-29 years,14
12/02/2020,25-34 years,29
12/02/2020,30-49 years,193
12/02/2020,35-44 years,72
12/02/2020,45-54 years,252
12/02/2020,50-64 years,698
12/02/2020,55-64 years,548
12/02/2020,65-74 years,1070
12/02/2020,75-84 years,1203
12/02/2020,85 years and over,946
12/02/2020,All Ages,3625
12/02/2020,Under 1 year,0
12/02/2020,0-17 years,
12/02/2020,1-4 years,0
12/02/2020,5-14 years,
12/02/2020,15-24 years,
12/02/2020,18-29 years,12
12/02/2020,25-34 years,14
12/02/2020,30-49 years,105
12/02/2020,35-44 years,40
12/02/2020,45-54 years,135
12/02/2020,50-64 years,411
12/02/2020,55-64 years,335
12/02/2020,65-74 years,731
12/02/2020,75-84 years,943
12/02/2020,85 years and over,1422
12/02/2020,All Ages,
12/02/2020,Under 1 year,0
12/02/2020,0-17 years,0
12/02/2020,1-4 years,0
12/02/2020,5-14 years,0
12/02/2020,15-24 years,0
12/02/2020,18-29 years,0
12/02/2020,25-34 years,0
12/02/2020,30-49 years,0
12/02/2020,35-44 years,0
12/02/2020,45-54 years,0
12/02/2020,50-64 years,0
12/02/2020,55-64 years,0
12/02/2020,65-74 years,0
12/02/2020,75-84 years,0
12/02/2020,85 years and over,
12/02/2020,All Ages,3354
12/02/2020,All Ages,1710
12/02/2020,Under 1 year,0
12/02/2020,0-17 years,0
12/02/2020,1-4 years,0
12/02/2020,5-14 years,0
12/02/2020,15-24 years,
12/02/2020,18-29 years,
12/02/2020,25-34 years,
12/02/2020,30-49 years,39
12/02/2020,35-44 years,17
12/02/2020,45-54 years,59
12/02/2020,50-64 years,202
12/02/2020,55-64 years,161
12/02/2020,65-74 years,300
12/02/2020,75-84 years,529
12/02/2020,85 years and over,637
12/02/2020,All Ages,1644
12/02/2020,Under 1 year,
12/02/2020,0-17 years,
12/02/2020,1-4 years,0
12/02/2020,5-14 years,0
12/02/2020,15-24 years,
12/02/2020,18-29 years,
12/02/2020,25-34 years,
12/02/2020,30-49 years,21
12/02/2020,35-44 years,
12/02/2020,45-54 years,29
12/02/2020,50-64 years,108
12/02/2020,55-64 years,87
12/02/2020,65-74 years,216
12/02/2020,75-84 years,396
12/02/2020,85 years and over,899
12/02/2020,All Ages,0
12/02/2020,Under 1 year,0
12/02/2020,0-17 years,0
12/02/2020,1-4 years,0
12/02/2020,5-14 years,0
12/02/2020,15-24 years,0
12/02/2020,18-29 years,0
12/02/2020,25-34 years,0
12/02/2020,30-49 years,0
12/02/2020,35-44 years,0
12/02/2020,45-54 years,0
12/02/2020,50-64 years,0
12/02/2020,55-64 years,0
12/02/2020,65-74 years,0
12/02/2020,75-84 years,0
12/02/2020,85 years and over,0
12/02/2020,All Ages,3623
12/02/2020,All Ages,1831
12/02/2020,Under 1 year,0
12/02/2020,0-17 years,0
12/02/2020,1-4 years,0
12/02/2020,5-14 years,0
12/02/2020,15-24 years,
12/02/2020,18-29 years,11
12/02/2020,25-34 years,17
12/02/2020,30-49 years,95
12/02/2020,35-44 years,40
12/02/2020,45-54 years,114
12/02/2020,50-64 years,342
12/02/2020,55-64 years,270
12/02/2020,65-74 years,535
12/02/2020,75-84 years,513
12/02/2020,85 years and over,335
12/02/2020,All Ages,1791
12/02/2020,Under 1 year,0
12/02/2020,0-17 years,0
12/02/2020,1-4 years,0
12/02/2020,5-14 years,0
12/02/2020,15-24 years,
12/02/2020,18-29 years,13
12/02/2020,25-34 years,17
12/02/2020,30-49 years,99
12/02/2020,35-44 years,41
12/02/2020,45-54 years,110
12/02/2020,50-64 years,316
12/02/2020,55-64 years,255
12/02/2020,65-74 years,367
12/02/2020,75-84 years,456
12/02/2020,85 years and over,540
12/02/2020,All Ages,
12/02/2020,Under 1 year,0
12/02/2020,0-17 years,0
12/02/2020,1-4 years,0
12/02/2020,5-14 years,0
12/02/2020,15-24 years,0
12/02/2020,18-29 years,0
12/02/2020,25-34 years,0
12/02/2020,30-49 years,0
12/02/2020,35-44 years,0
12/02/2020,45-54 years,0
12/02/2020,50-64 years,0
12/02/2020,55-64 years,0
12/02/2020,65-74 years,0
12/02/2020,75-84 years,
12/02/2020,85 years and over,0
12/02/2020,All Ages,4297
12/02/2020,All Ages,2192
12/02/2020,Under 1 year,0
12/02/2020,0-17 years,
12/02/2020,1-4 years,0
12/02/2020,5-14 years,
12/02/2020,15-24 years,
12/02/2020,18-29 years,
12/02/2020,25-34 years,
12/02/2020,30-49 years,57
12/02/2020,35-44 years,29
12/02/2020,45-54 years,78
12/02/2020,50-64 years,292
12/02/2020,55-64 years,240
12/02/2020,65-74 years,502
12/02/2020,75-84 years,703
12/02/2020,85 years and over,632
12/02/2020,All Ages,2105
12/02/2020,Under 1 year,0
12/02/2020,0-17 years,0
12/02/2020,1-4 years,0
12/02/2020,5-14 years,0
12/02/2020,15-24 years,
12/02/2020,18-29 years,
12/02/2020,25-34 years,10
12/02/2020,30-49 years,41
12/02/2020,35-44 years,18
12/02/2020,45-54 years,42
12/02/2020,50-64 years,190
12/02/2020,55-64 years,165
12/02/2020,65-74 years,379
12/02/2020,75-84 years,543
12/02/2020,85 years and over,946
12/02/2020,All Ages,0
12/02/2020,Under 1 year,0
12/02/2020,0-17 years,0
12/02/2020,1-4 years,0
12/02/2020,5-14 years,0
12/02/2020,15-24 years,0
12/02/2020,18-29 years,0
12/02/2020,25-34 years,0
12/02/2020,30-49 years,0
12/02/2020,35-44 years,0
12/02/2020,45-54 years,0
12/02/2020,50-64 years,0
12/02/2020,55-64 years,0
12/02/2020,65-74 years,0
12/02/2020,75-84 years,0
12/02/2020,85 years and over,0
12/02/2020,All Ages,624
12/02/2020,All Ages,341
12/02/2020,Under 1 year,0
12/02/2020,0-17 years,0
12/02/2020,1-4 years,0
12/02/2020,5-14 years,0
12/02/2020,15-24 years,0
12/02/2020,18-29 years,0
12/02/2020,25-34 years,0
12/02/2020,30-49 years,12
12/02/2020,35-44 years,
12/02/2020,45-54 years,16
12/02/2020,50-64 years,50
12/02/2020,55-64 years,40
12/02/2020,65-74 years,89
12/02/2020,75-84 years,103
12/02/2020,85 years and over,87
12/02/2020,All Ages,283
12/02/2020,Under 1 year,0
12/02/2020,0-17 years,0
12/02/2020,1-4 years,0
12/02/2020,5-14 years,0
12/02/2020,15-24 years,0
12/02/2020,18-29 years,0
12/02/2020,25-34 years,
12/02/2020,30-49 years,10
12/02/2020,35-44 years,
12/02/2020,45-54 years,
12/02/2020,50-64 years,37
12/02/2020,55-64 years,32
12/02/2020,65-74 years,43
12/02/2020,75-84 years,71
12/02/2020,85 years and over,122
12/02/2020,All Ages,0
12/02/2020,Under 1 year,0
12/02/2020,0-17 years,0
12/02/2020,1-4 years,0
12/02/2020,5-14 years,0
12/02/2020,15-24 years,0
12/02/2020,18-29 years,0
12/02/2020,25-34 years,0
12/02/2020,30-49 years,0
12/02/2020,35-44 years,0
12/02/2020,45-54 years,0
12/02/2020,50-64 years,0
12/02/2020,55-64 years,0
12/02/2020,65-74 years,0
12/02/2020,75-84 years,0
12/02/2020,85 years and over,0
12/02/2020,All Ages,1158
12/02/2020,All Ages,657
12/02/2020,Under 1 year,0
12/02/2020,0-17 years,
12/02/2020,1-4 years,0
12/02/2020,5-14 years,
12/02/2020,15-24 years,
12/02/2020,18-29 years,
12/02/2020,25-34 years,10
12/02/2020,30-49 years,25
12/02/2020,35-44 years,
12/02/2020,45-54 years,35
12/02/2020,50-64 years,97
12/02/2020,55-64 years,73
12/02/2020,65-74 years,146
12/02/2020,75-84 years,200
12/02/2020,85 years and over,182
12/02/2020,All Ages,501
12/02/2020,Under 1 year,0
12/02/2020,0-17 years,0
12/02/2020,1-4 years,0
12/02/2020,5-14 years,0
12/02/2020,15-24 years,
12/02/2020,18-29 years,
12/02/2020,25-34 years,
12/02/2020,30-49 years,
12/02/2020,35-44 years,
12/02/2020,45-54 years,15
12/02/2020,50-64 years,59
12/02/2020,55-64 years,48
12/02/2020,65-74 years,74
12/02/2020,75-84 years,123
12/02/2020,85 years and over,234
12/02/2020,All Ages,0
12/02/2020,Under 1 year,0
12/02/2020,0-17 years,0
12/02/2020,1-4 years,0
12/02/2020,5-14 years,0
12/02/2020,15-24 years,0
12/02/2020,18-29 years,0
12/02/2020,25-34 years,0
12/02/2020,30-49 years,0
12/02/2020,35-44 years,0
12/02/2020,45-54 years,0
12/02/2020,50-64 years,0
12/02/2020,55-64 years,0
12/02/2020,65-74 years,0
12/02/2020,75-84 years,0
12/02/2020,85 years and over,0
12/02/2020,All Ages,1964
12/02/2020,All Ages,1232
12/02/2020,Under 1 year,0
12/02/2020,0-17 years,
12/02/2020,1-4 years,0
12/02/2020,5-14 years,
12/02/2020,15-24 years,
12/02/2020,18-29 years,
12/02/2020,25-34 years,
12/02/2020,30-49 years,95
12/02/2020,35-44 years,42
12/02/2020,45-54 years,127
12/02/2020,50-64 years,270
12/02/2020,55-64 years,191
12/02/2020,65-74 years,331
12/02/2020,75-84 years,337
12/02/2020,85 years and over,193
12/02/2020,All Ages,732
12/02/2020,Under 1 year,0
12/02/2020,0-17 years,0
12/02/2020,1-4 years,0
12/02/2020,5-14 years,0
12/02/2020,15-24 years,
12/02/2020,18-29 years,
12/02/2020,25-34 years,
12/02/2020,30-49 years,32
12/02/2020,35-44 years,14
12/02/2020,45-54 years,36
12/02/2020,50-64 years,118
12/02/2020,55-64 years,99
12/02/2020,65-74 years,192
12/02/2020,75-84 years,216
12/02/2020,85 years and over,168
12/02/2020,All Ages,0
12/02/2020,Under 1 year,0
12/02/2020,0-17 years,0
12/02/2020,1-4 years,0
12/02/2020,5-14 years,0
12/02/2020,15-24 years,0
12/02/2020,18-29 years,0
12/02/2020,25-34 years,0
12/02/2020,30-49 years,0
12/02/2020,35-44 years,0
12/02/2020,45-54 years,0
12/02/2020,50-64 years,0
12/02/2020,55-64 years,0
12/02/2020,65-74 years,0
12/02/2020,75-84 years,0
12/02/2020,85 years and over,0
12/02/2020,All Ages,510
12/02/2020,All Ages,254
12/02/2020,Under 1 year,0
12/02/2020,0-17 years,0
12/02/2020,1-4 years,0
12/02/2020,5-14 years,0
12/02/2020,15-24 years,
12/02/2020,18-29 years,
12/02/2020,25-34 years,0
12/02/2020,30-49 years,
12/02/2020,35-44 years,
12/02/2020,45-54 years,10
12/02/2020,50-64 years,20
12/02/2020,55-64 years,14
12/02/2020,65-74 years,40
12/02/2020,75-84 years,83
12/02/2020,85 years and over,105
12/02/2020,All Ages,256
12/02/2020,Under 1 year,0
12/02/2020,0-17 years,0
12/02/2020,1-4 years,0
12/02/2020,5-14 years,0
12/02/2020,15-24 years,0
12/02/2020,18-29 years,0
12/02/2020,25-34 years,0
12/02/2020,30-49 years,0
12/02/2020,35-44 years,0
12/02/2020,45-54 years,
12/02/2020,50-64 years,
12/02/2020,55-64 years,
12/02/2020,65-74 years,32
12/02/2020,75-84 years,62
12/02/2020,85 years and over,155
12/02/2020,All Ages,0
12/02/2020,Under 1 year,0
12/02/2020,0-17 years,0
12/02/2020,1-4 years,0
12/02/2020,5-14 years,0
12/02/2020,15-24 years,0
12/02/2020,18-29 years,0
12/02/2020,25-34 years,0
12/02/2020,30-49 years,0
12/02/2020,35-44 years,0
12/02/2020,45-54 years,0
12/02/2020,50-64 years,0
12/02/2020,55-64 years,0
12/02/2020,65-74 years,0
12/02/2020,75-84 years,0
12/02/2020,85 years and over,0
12/02/2020,All Ages,15054
12/02/2020,All Ages,8062
12/02/2020,Under 1 year,0
12/02/2020,0-17 years,0
12/02/2020,1-4 years,0
12/02/2020,5-14 years,0
12/02/2020,15-24 years,13
12/02/2020,18-29 years,40
12/02/2020,25-34 years,79
12/02/2020,30-49 years,500
12/02/2020,35-44 years,209
12/02/2020,45-54 years,606
12/02/2020,50-64 years,1705
12/02/2020,55-64 years,1338
12/02/2020,65-74 years,1840
12/02/2020,75-84 years,2074
12/02/2020,85 years and over,1903
12/02/2020,All Ages,6991
12/02/2020,Under 1 year,0
12/02/2020,0-17 years,
12/02/2020,1-4 years,
12/02/2020,5-14 years,0
12/02/2020,15-24 years,
12/02/2020,18-29 years,18
12/02/2020,25-34 years,38
12/02/2020,30-49 years,157
12/02/2020,35-44 years,70
12/02/2020,45-54 years,198
12/02/2020,50-64 years,742
12/02/2020,55-64 years,608
12/02/2020,65-74 years,1082
12/02/2020,75-84 years,1827
12/02/2020,85 years and over,3164
12/02/2020,All Ages,
12/02/2020,Under 1 year,0
12/02/2020,0-17 years,0
12/02/2020,1-4 years,0
12/02/2020,5-14 years,0
12/02/2020,15-24 years,0
12/02/2020,18-29 years,0
12/02/2020,25-34 years,0
12/02/2020,30-49 years,0
12/02/2020,35-44 years,0
12/02/2020,45-54 years,0
12/02/2020,50-64 years,0
12/02/2020,55-64 years,0
12/02/2020,65-74 years,
12/02/2020,75-84 years,0
12/02/2020,85 years and over,0
12/02/2020,All Ages,1222
12/02/2020,All Ages,652
12/02/2020,Under 1 year,0
12/02/2020,0-17 years,0
12/02/2020,1-4 years,0
12/02/2020,5-14 years,0
12/02/2020,15-24 years,
12/02/2020,18-29 years,
12/02/2020,25-34 years,24
12/02/2020,30-49 years,68
12/02/2020,35-44 years,33
12/02/2020,45-54 years,54
12/02/2020,50-64 years,139
12/02/2020,55-64 years,104
12/02/2020,65-74 years,156
12/02/2020,75-84 years,141
12/02/2020,85 years and over,139
12/02/2020,All Ages,570
12/02/2020,Under 1 year,0
12/02/2020,0-17 years,0
12/02/2020,1-4 years,0
12/02/2020,5-14 years,0
12/02/2020,15-24 years,
12/02/2020,18-29 years,
12/02/2020,25-34 years,10
12/02/2020,30-49 years,35
12/02/2020,35-44 years,18
12/02/2020,45-54 years,37
12/02/2020,50-64 years,92
12/02/2020,55-64 years,65
12/02/2020,65-74 years,107
12/02/2020,75-84 years,157
12/02/2020,85 years and over,174
12/02/2020,All Ages,0
12/02/2020,Under 1 year,0
12/02/2020,0-17 years,0
12/02/2020,1-4 years,0
12/02/2020,5-14 years,0
12/02/2020,15-24 years,0
12/02/2020,18-29 years,0
12/02/2020,25-34 years,0
12/02/2020,30-49 years,0
12/02/2020,35-44 years,0
12/02/2020,45-54 years,0
12/02/2020,50-64 years,0
12/02/2020,55-64 years,0
12/02/2020,65-74 years,0
12/02/2020,75-84 years,0
12/02/2020,85 years and over,0
12/02/2020,All Ages,12534
12/02/2020,All Ages,6622
12/02/2020,Under 1 year,
12/02/2020,0-17 years,
12/02/2020,1-4 years,0
12/02/2020,5-14 years,
12/02/2020,15-24 years,13
12/02/2020,18-29 years,32
12/02/2020,25-34 years,51
12/02/2020,30-49 years,315
12/02/2020,35-44 years,132
12/02/2020,45-54 years,403
12/02/2020,50-64 years,1219
12/02/2020,55-64 years,967
12/02/2020,65-74 years,1594
12/02/2020,75-84 years,1759
12/02/2020,85 years and over,1700
12/02/2020,All Ages,5912
12/02/2020,Under 1 year,0
12/02/2020,0-17 years,
12/02/2020,1-4 years,0
12/02/2020,5-14 years,0
12/02/2020,15-24 years,
12/02/2020,18-29 years,13
12/02/2020,25-34 years,22
12/02/2020,30-49 years,120
12/02/2020,35-44 years,56
12/02/2020,45-54 years,144
12/02/2020,50-64 years,561
12/02/2020,55-64 years,470
12/02/2020,65-74 years,913
12/02/2020,75-84 years,1462
12/02/2020,85 years and over,2842
12/02/2020,All Ages,0
12/02/2020,Under 1 year,0
12/02/2020,0-17 years,0
12/02/2020,1-4 years,0
12/02/2020,5-14 years,0
12/02/2020,15-24 years,0
12/02/2020,18-29 years,0
12/02/2020,25-34 years,0
12/02/2020,30-49 years,0
12/02/2020,35-44 years,0
12/02/2020,45-54 years,0
12/02/2020,50-64 years,0
12/02/2020,55-64 years,0
12/02/2020,65-74 years,0
12/02/2020,75-84 years,0
12/02/2020,85 years and over,0
12/02/2020,All Ages,21136
12/02/2020,All Ages,12518
12/02/2020,Under 1 year,
12/02/2020,0-17 years,
12/02/2020,1-4 years,
12/02/2020,5-14 years,
12/02/2020,15-24 years,24
12/02/2020,18-29 years,64
12/02/2020,25-34 years,120
12/02/2020,30-49 years,880
12/02/2020,35-44 years,408
12/02/2020,45-54 years,1011
12/02/2020,50-64 years,2890
12/02/2020,55-64 years,2271
12/02/2020,65-74 years,3328
12/02/2020,75-84 years,3183
12/02/2020,85 years and over,2165
12/02/2020,All Ages,8617
12/02/2020,Under 1 year,
12/02/2020,0-17 years,
12/02/2020,1-4 years,
12/02/2020,5-14 years,
12/02/2020,15-24 years,10
12/02/2020,18-29 years,27
12/02/2020,25-34 years,59
12/02/2020,30-49 years,312
12/02/2020,35-44 years,119
12/02/2020,45-54 years,401
12/02/2020,50-64 years,1320
12/02/2020,55-64 years,1072
12/02/2020,65-74 years,1800
12/02/2020,75-84 years,2341
12/02/2020,85 years and over,2811
12/02/2020,All Ages,
12/02/2020,Under 1 year,0
12/02/2020,0-17 years,0
12/02/2020,1-4 years,0
12/02/2020,5-14 years,0
12/02/2020,15-24 years,0
12/02/2020,18-29 years,0
12/02/2020,25-34 years,0
12/02/2020,30-49 years,0
12/02/2020,35-44 years,0
12/02/2020,45-54 years,
12/02/2020,50-64 years,
12/02/2020,55-64 years,0
12/02/2020,65-74 years,0
12/02/2020,75-84 years,0
12/02/2020,85 years and over,0
12/02/2020,All Ages,3117
12/02/2020,All Ages,1621
12/02/2020,Under 1 year,0
12/02/2020,0-17 years,
12/02/2020,1-4 years,0
12/02/2020,5-14 years,
12/02/2020,15-24 years,
12/02/2020,18-29 years,
12/02/2020,25-34 years,14
12/02/2020,30-49 years,102
12/02/2020,35-44 years,46
12/02/2020,45-54 years,114
12/02/2020,50-64 years,300
12/02/2020,55-64 years,232
12/02/2020,65-74 years,395
12/02/2020,75-84 years,457
12/02/2020,85 years and over,360
12/02/2020,All Ages,1496
12/02/2020,Under 1 year,0
12/02/2020,0-17 years,0
12/02/2020,1-4 years,0
12/02/2020,5-14 years,0
12/02/2020,15-24 years,
12/02/2020,18-29 years,
12/02/2020,25-34 years,10
12/02/2020,30-49 years,46
12/02/2020,35-44 years,18
12/02/2020,45-54 years,63
12/02/2020,50-64 years,171
12/02/2020,55-64 years,129
12/02/2020,65-74 years,304
12/02/2020,75-84 years,392
12/02/2020,85 years and over,579
12/02/2020,All Ages,0
12/02/2020,Under 1 year,0
12/02/2020,0-17 years,0
12/02/2020,1-4 years,0
12/02/2020,5-14 years,0
12/02/2020,15-24 years,0
12/02/2020,18-29 years,0
12/02/2020,25-34 years,0
12/02/2020,30-49 years,0
12/02/2020,35-44 years,0
12/02/2020,45-54 years,0
12/02/2020,50-64 years,0
12/02/2020,55-64 years,0
12/02/2020,65-74 years,0
12/02/2020,75-84 years,0
12/02/2020,85 years and over,0
12/02/2020,All Ages,725
12/02/2020,All Ages,401
12/02/2020,Under 1 year,0
12/02/2020,0-17 years,0
12/02/2020,1-4 years,0
12/02/2020,5-14 years,0
12/02/2020,15-24 years,
12/02/2020,18-29 years,
12/02/2020,25-34 years,
12/02/2020,30-49 years,16
12/02/2020,35-44 years,10
12/02/2020,45-54 years,13
12/02/2020,50-64 years,57
12/02/2020,55-64 years,47
12/02/2020,65-74 years,72
12/02/2020,75-84 years,96
12/02/2020,85 years and over,158
12/02/2020,All Ages,324
12/02/2020,Under 1 year,0
12/02/2020,0-17 years,
12/02/2020,1-4 years,0
12/02/2020,5-14 years,0
12/02/2020,15-24 years,
12/02/2020,18-29 years,
12/02/2020,25-34 years,
12/02/2020,30-49 years,
12/02/2020,35-44 years,
12/02/2020,45-54 years,
12/02/2020,50-64 years,15
12/02/2020,55-64 years,13
12/02/2020,65-74 years,40
12/02/2020,75-84 years,90
12/02/2020,85 years and over,171
12/02/2020,All Ages,0
12/02/2020,Under 1 year,0
12/02/2020,0-17 years,0
12/02/2020,1-4 years,0
12/02/2020,5-14 years,0
12/02/2020,15-24 years,0
12/02/2020,18-29 years,0
12/02/2020,25-34 years,0
12/02/2020,30-49 years,0
12/02/2020,35-44 years,0
12/02/2020,45-54 years,0
12/02/2020,50-64 years,0
12/02/2020,55-64 years,0
12/02/2020,65-74 years,0
12/02/2020,75-84 years,0
12/02/2020,85 years and over,0
12/02/2020,All Ages,6382
12/02/2020,All Ages,3286
12/02/2020,Under 1 year,0
12/02/2020,0-17 years,0
12/02/2020,1-4 years,0
12/02/2020,5-14 years,0
12/02/2020,15-24 years,
12/02/2020,18-29 years,
12/02/2020,25-34 years,14
12/02/2020,30-49 years,87
12/02/2020,35-44 years,39
12/02/2020,45-54 years,117
12/02/2020,50-64 years,442
12/02/2020,55-64 years,362
12/02/2020,65-74 years,802
12/02/2020,75-84 years,994
12/02/2020,85 years and over,957
12/02/2020,All Ages,3096
12/02/2020,Under 1 year,0
12/02/2020,0-17 years,
12/02/2020,1-4 years,0
12/02/2020,5-14 years,
12/02/2020,15-24 years,
12/02/2020,18-29 years,
12/02/2020,25-34 years,
12/02/2020,30-49 years,44
12/02/2020,35-44 years,19
12/02/2020,45-54 years,54
12/02/2020,50-64 years,240
12/02/2020,55-64 years,205
12/02/2020,65-74 years,470
12/02/2020,75-84 years,923
12/02/2020,85 years and over,1411
12/02/2020,All Ages,0
12/02/2020,Under 1 year,0
12/02/2020,0-17 years,0
12/02/2020,1-4 years,0
12/02/2020,5-14 years,0
12/02/2020,15-24 years,0
12/02/2020,18-29 years,0
12/02/2020,25-34 years,0
12/02/2020,30-49 years,0
12/02/2020,35-44 years,0
12/02/2020,45-54 years,0
12/02/2020,50-64 years,0
12/02/2020,55-64 years,0
12/02/2020,65-74 years,0
12/02/2020,75-84 years,0
12/02/2020,85 years and over,0
12/02/2020,All Ages,2170
12/02/2020,All Ages,1190
12/02/2020,Under 1 year,
12/02/2020,0-17 years,
12/02/2020,1-4 years,
12/02/2020,5-14 years,0
12/02/2020,15-24 years,
12/02/2020,18-29 years,
12/02/2020,25-34 years,10
12/02/2020,30-49 years,39
12/02/2020,35-44 years,14
12/02/2020,45-54 years,50
12/02/2020,50-64 years,180
12/02/2020,55-64 years,151
12/02/2020,65-74 years,291
12/02/2020,75-84 years,362
12/02/2020,85 years and over,308
12/02/2020,All Ages,980
12/02/2020,Under 1 year,
12/02/2020,0-17 years,
12/02/2020,1-4 years,0
12/02/2020,5-14 years,
12/02/2020,15-24 years,0
12/02/2020,18-29 years,
12/02/2020,25-34 years,
12/02/2020,30-49 years,35
12/02/2020,35-44 years,14
12/02/2020,45-54 years,39
12/02/2020,50-64 years,115
12/02/2020,55-64 years,91
12/02/2020,65-74 years,238
12/02/2020,75-84 years,272
12/02/2020,85 years and over,317
12/02/2020,All Ages,0
12/02/2020,Under 1 year,0
12/02/2020,0-17 years,0
12/02/2020,1-4 years,0
12/02/2020,5-14 years,0
12/02/2020,15-24 years,0
12/02/2020,18-29 years,0
12/02/2020,25-34 years,0
12/02/2020,30-49 years,0
12/02/2020,35-44 years,0
12/02/2020,45-54 years,0
12/02/2020,50-64 years,0
12/02/2020,55-64 years,0
12/02/2020,65-74 years,0
12/02/2020,75-84 years,0
12/02/2020,85 years and over,0
12/02/2020,All Ages,770
12/02/2020,All Ages,419
12/02/2020,Under 1 year,0
12/02/2020,0-17 years,0
12/02/2020,1-4 years,0
12/02/2020,5-14 years,0
12/02/2020,15-24 years,0
12/02/2020,18-29 years,0
12/02/2020,25-34 years,
12/02/2020,30-49 years,16
12/02/2020,35-44 years,
12/02/2020,45-54 years,25
12/02/2020,50-64 years,79
12/02/2020,55-64 years,59
12/02/2020,65-74 years,82
12/02/2020,75-84 years,125
12/02/2020,85 years and over,117
12/02/2020,All Ages,351
12/02/2020,Under 1 year,0
12/02/2020,0-17 years,0
12/02/2020,1-4 years,0
12/02/2020,5-14 years,0
12/02/2020,15-24 years,0
12/02/2020,18-29 years,0
12/02/2020,25-34 years,
12/02/2020,30-49 years,
12/02/2020,35-44 years,
12/02/2020,45-54 years,
12/02/2020,50-64 years,34
12/02/2020,55-64 years,30
12/02/2020,65-74 years,58
12/02/2020,75-84 years,95
12/02/2020,85 years and over,156
12/02/2020,All Ages,0
12/02/2020,Under 1 year,0
12/02/2020,0-17 years,0
12/02/2020,1-4 years,0
12/02/2020,5-14 years,0
12/02/2020,15-24 years,0
12/02/2020,18-29 years,0
12/02/2020,25-34 years,0
12/02/2020,30-49 years,0
12/02/2020,35-44 years,0
12/02/2020,45-54 years,0
12/02/2020,50-64 years,0
12/02/2020,55-64 years,0
12/02/2020,65-74 years,0
12/02/2020,75-84 years,0
12/02/2020,85 years and over,0
12/02/2020,All Ages,10461
12/02/2020,All Ages,5155
12/02/2020,Under 1 year,0
12/02/2020,0-17 years,
12/02/2020,1-4 years,0
12/02/2020,5-14 years,0
12/02/2020,15-24 years,12
12/02/2020,18-29 years,19
12/02/2020,25-34 years,28
12/02/2020,30-49 years,154
12/02/2020,35-44 years,61
12/02/2020,45-54 years,201
12/02/2020,50-64 years,698
12/02/2020,55-64 years,571
12/02/2020,65-74 years,1112
12/02/2020,75-84 years,1546
12/02/2020,85 years and over,1624
12/02/2020,All Ages,5306
12/02/2020,Under 1 year,0
12/02/2020,0-17 years,0
12/02/2020,1-4 years,0
12/02/2020,5-14 years,0
12/02/2020,15-24 years,
12/02/2020,18-29 years,
12/02/2020,25-34 years,
12/02/2020,30-49 years,72
12/02/2020,35-44 years,25
12/02/2020,45-54 years,106
12/02/2020,50-64 years,387
12/02/2020,55-64 years,323
12/02/2020,65-74 years,762
12/02/2020,75-84 years,1250
12/02/2020,85 years and over,2830
12/02/2020,All Ages,0
12/02/2020,Under 1 year,0
12/02/2020,0-17 years,0
12/02/2020,1-4 years,0
12/02/2020,5-14 years,0
12/02/2020,15-24 years,0
12/02/2020,18-29 years,0
12/02/2020,25-34 years,0
12/02/2020,30-49 years,0
12/02/2020,35-44 years,0
12/02/2020,45-54 years,0
12/02/2020,50-64 years,0
12/02/2020,55-64 years,0
12/02/2020,65-74 years,0
12/02/2020,75-84 years,0
12/02/2020,85 years and over,0
12/02/2020,All Ages,1243
12/02/2020,All Ages,579
12/02/2020,Under 1 year,0
12/02/2020,0-17 years,0
12/02/2020,1-4 years,0
12/02/2020,5-14 years,0
12/02/2020,15-24 years,0
12/02/2020,18-29 years,
12/02/2020,25-34 years,
12/02/2020,30-49 years,19
12/02/2020,35-44 years,13
12/02/2020,45-54 years,12
12/02/2020,50-64 years,70
12/02/2020,55-64 years,63
12/02/2020,65-74 years,127
12/02/2020,75-84 years,171
12/02/2020,85 years and over,191
12/02/2020,All Ages,664
12/02/2020,Under 1 year,0
12/02/2020,0-17 years,
12/02/2020,1-4 years,0
12/02/2020,5-14 years,
12/02/2020,15-24 years,0
12/02/2020,18-29 years,
12/02/2020,25-34 years,
12/02/2020,30-49 years,
12/02/2020,35-44 years,
12/02/2020,45-54 years,10
12/02/2020,50-64 years,31
12/02/2020,55-64 years,25
12/02/2020,65-74 years,96
12/02/2020,75-84 years,155
12/02/2020,85 years and over,373
12/02/2020,All Ages,0
12/02/2020,Under 1 year,0
12/02/2020,0-17 years,0
12/02/2020,1-4 years,0
12/02/2020,5-14 years,0
12/02/2020,15-24 years,0
12/02/2020,18-29 years,0
12/02/2020,25-34 years,0
12/02/2020,30-49 years,0
12/02/2020,35-44 years,0
12/02/2020,45-54 years,0
12/02/2020,50-64 years,0
12/02/2020,55-64 years,0
12/02/2020,65-74 years,0
12/02/2020,75-84 years,0
12/02/2020,85 years and over,0
12/02/2020,All Ages,4211
12/02/2020,All Ages,2149
12/02/2020,Under 1 year,
12/02/2020,0-17 years,
12/02/2020,1-4 years,0
12/02/2020,5-14 years,0
12/02/2020,15-24 years,
12/02/2020,18-29 years,10
12/02/2020,25-34 years,15
12/02/2020,30-49 years,107
12/02/2020,35-44 years,51
12/02/2020,45-54 years,95
12/02/2020,50-64 years,336
12/02/2020,55-64 years,288
12/02/2020,65-74 years,547
12/02/2020,75-84 years,714
12/02/2020,85 years and over,434
12/02/2020,All Ages,2062
12/02/2020,Under 1 year,0
12/02/2020,0-17 years,0
12/02/2020,1-4 years,0
12/02/2020,5-14 years,0
12/02/2020,15-24 years,
12/02/2020,18-29 years,
12/02/2020,25-34 years,
12/02/2020,30-49 years,50
12/02/2020,35-44 years,24
12/02/2020,45-54 years,65
12/02/2020,50-64 years,279
12/02/2020,55-64 years,237
12/02/2020,65-74 years,462
12/02/2020,75-84 years,570
12/02/2020,85 years and over,693
12/02/2020,All Ages,0
12/02/2020,Under 1 year,0
12/02/2020,0-17 years,0
12/02/2020,1-4 years,0
12/02/2020,5-14 years,0
12/02/2020,15-24 years,0
12/02/2020,18-29 years,0
12/02/2020,25-34 years,0
12/02/2020,30-49 years,0
12/02/2020,35-44 years,0
12/02/2020,45-54 years,0
12/02/2020,50-64 years,0
12/02/2020,55-64 years,0
12/02/2020,65-74 years,0
12/02/2020,75-84 years,0
12/02/2020,85 years and over,0
12/02/2020,All Ages,796
12/02/2020,All Ages,418
12/02/2020,Under 1 year,0
12/02/2020,0-17 years,0
12/02/2020,1-4 years,0
12/02/2020,5-14 years,0
12/02/2020,15-24 years,0
12/02/2020,18-29 years,
12/02/2020,25-34 years,
12/02/2020,30-49 years,20
12/02/2020,35-44 years,
12/02/2020,45-54 years,17
12/02/2020,50-64 years,55
12/02/2020,55-64 years,46
12/02/2020,65-74 years,82
12/02/2020,75-84 years,124
12/02/2020,85 years and over,136
12/02/2020,All Ages,378
12/02/2020,Under 1 year,0
12/02/2020,0-17 years,0
12/02/2020,1-4 years,0
12/02/2020,5-14 years,0
12/02/2020,15-24 years,
12/02/2020,18-29 years,
12/02/2020,25-34 years,
12/02/2020,30-49 years,10
12/02/2020,35-44 years,
12/02/2020,45-54 years,13
12/02/2020,50-64 years,36
12/02/2020,55-64 years,30
12/02/2020,65-74 years,57
12/02/2020,75-84 years,87
12/02/2020,85 years and over,187
12/02/2020,All Ages,0
12/02/2020,Under 1 year,0
12/02/2020,0-17 years,0
12/02/2020,1-4 years,0
12/02/2020,5-14 years,0
12/02/2020,15-24 years,0
12/02/2020,18-29 years,0
12/02/2020,25-34 years,0
12/02/2020,30-49 years,0
12/02/2020,35-44 years,0
12/02/2020,45-54 years,0
12/02/2020,50-64 years,0
12/02/2020,55-64 years,0
12/02/2020,65-74 years,0
12/02/2020,75-84 years,0
12/02/2020,85 years and over,0
12/02/2020,All Ages,4304
12/02/2020,All Ages,2394
12/02/2020,Under 1 year,
12/02/2020,0-17 years,
12/02/2020,1-4 years,
12/02/2020,5-14 years,0
12/02/2020,15-24 years,
12/02/2020,18-29 years,
12/02/2020,25-34 years,22
12/02/2020,30-49 years,114
12/02/2020,35-44 years,49
12/02/2020,45-54 years,123
12/02/2020,50-64 years,430
12/02/2020,55-64 years,355
12/02/2020,65-74 years,619
12/02/2020,75-84 years,745
12/02/2020,85 years and over,478
12/02/2020,All Ages,1910
12/02/2020,Under 1 year,0
12/02/2020,0-17 years,
12/02/2020,1-4 years,
12/02/2020,5-14 years,
12/02/2020,15-24 years,
12/02/2020,18-29 years,
12/02/2020,25-34 years,
12/02/2020,30-49 years,72
12/02/2020,35-44 years,33
12/02/2020,45-54 years,84
12/02/2020,50-64 years,299
12/02/2020,55-64 years,249
12/02/2020,65-74 years,409
12/02/2020,75-84 years,549
12/02/2020,85 years and over,570
12/02/2020,All Ages,0
12/02/2020,Under 1 year,0
12/02/2020,0-17 years,0
12/02/2020,1-4 years,0
12/02/2020,5-14 years,0
12/02/2020,15-24 years,0
12/02/2020,18-29 years,0
12/02/2020,25-34 years,0
12/02/2020,30-49 years,0
12/02/2020,35-44 years,0
12/02/2020,45-54 years,0
12/02/2020,50-64 years,0
12/02/2020,55-64 years,0
12/02/2020,65-74 years,0
12/02/2020,75-84 years,0
12/02/2020,85 years and over,0
12/02/2020,All Ages,21895
12/02/2020,All Ages,12646
12/02/2020,Under 1 year,
12/02/2020,0-17 years,15
12/02/2020,1-4 years,
12/02/2020,5-14 years,
12/02/2020,15-24 years,32
12/02/2020,18-29 years,95
12/02/2020,25-34 years,176
12/02/2020,30-49 years,1038
12/02/2020,35-44 years,437
12/02/2020,45-54 years,1167
12/02/2020,50-64 years,3011
12/02/2020,55-64 years,2336
12/02/2020,65-74 years,3271
12/02/2020,75-84 years,3154
12/02/2020,85 years and over,2062
12/02/2020,All Ages,9248
12/02/2020,Under 1 year,
12/02/2020,0-17 years,13
12/02/2020,1-4 years,
12/02/2020,5-14 years,
12/02/2020,15-24 years,25
12/02/2020,18-29 years,50
12/02/2020,25-34 years,81
12/02/2020,30-49 years,520
12/02/2020,35-44 years,246
12/02/2020,45-54 years,589
12/02/2020,50-64 years,1663
12/02/2020,55-64 years,1299
12/02/2020,65-74 years,2090
12/02/2020,75-84 years,2331
12/02/2020,85 years and over,2581
12/02/2020,All Ages,
12/02/2020,Under 1 year,0
12/02/2020,0-17 years,0
12/02/2020,1-4 years,0
12/02/2020,5-14 years,0
12/02/2020,15-24 years,0
12/02/2020,18-29 years,0
12/02/2020,25-34 years,0
12/02/2020,30-49 years,0
12/02/2020,35-44 years,0
12/02/2020,45-54 years,0
12/02/2020,50-64 years,0
12/02/2020,55-64 years,0
12/02/2020,65-74 years,0
12/02/2020,75-84 years,
12/02/2020,85 years and over,0
12/02/2020,All Ages,891
12/02/2020,All Ages,554
12/02/2020,Under 1 year,0
12/02/2020,0-17 years,0
12/02/2020,1-4 years,0
12/02/2020,5-14 years,0
12/02/2020,15-24 years,
12/02/2020,18-29 years,
12/02/2020,25-34 years,
12/02/2020,30-49 years,35
12/02/2020,35-44 years,19
12/02/2020,45-54 years,39
12/02/2020,50-64 years,101
12/02/2020,55-64 years,75
12/02/2020,65-74 years,126
12/02/2020,75-84 years,158
12/02/2020,85 years and over,129
12/02/2020,All Ages,337
12/02/2020,Under 1 year,0
12/02/2020,0-17 years,0
12/02/2020,1-4 years,0
12/02/2020,5-14 years,0
12/02/2020,15-24 years,
12/02/2020,18-29 years,
12/02/2020,25-34 years,
12/02/2020,30-49 years,16
12/02/2020,35-44 years,
12/02/2020,45-54 years,17
12/02/2020,50-64 years,45
12/02/2020,55-64 years,34
12/02/2020,65-74 years,75
12/02/2020,75-84 years,91
12/02/2020,85 years and over,109
12/02/2020,All Ages,0
12/02/2020,Under 1 year,0
12/02/2020,0-17 years,0
12/02/2020,1-4 years,0
12/02/2020,5-14 years,0
12/02/2020,15-24 years,0
12/02/2020,18-29 years,0
12/02/2020,25-34 years,0
12/02/2020,30-49 years,0
12/02/2020,35-44 years,0
12/02/2020,45-54 years,0
12/02/2020,50-64 years,0
12/02/2020,55-64 years,0
12/02/2020,65-74 years,0
12/02/2020,75-84 years,0
12/02/2020,85 years and over,0
12/02/2020,All Ages,71
12/02/2020,All Ages,40
12/02/2020,Under 1 year,0
12/02/2020,0-17 years,0
12/02/2020,1-4 years,0
12/02/2020,5-14 years,0
12/02/2020,15-24 years,0
12/02/2020,18-29 years,0
12/02/2020,25-34 years,0
12/02/2020,30-49 years,
12/02/2020,35-44 years,
12/02/2020,45-54 years,
12/02/2020,50-64 years,
12/02/2020,55-64 years,
12/02/2020,65-74 years,
12/02/2020,75-84 years,18
12/02/2020,85 years and over,
12/02/2020,All Ages,31
12/02/2020,Under 1 year,0
12/02/2020,0-17 years,0
12/02/2020,1-4 years,0
12/02/2020,5-14 years,0
12/02/2020,15-24 years,0
12/02/2020,18-29 years,0
12/02/2020,25-34 years,0
12/02/2020,30-49 years,
12/02/2020,35-44 years,
12/02/2020,45-54 years,
12/02/2020,50-64 years,0
12/02/2020,55-64 years,0
12/02/2020,65-74 years,
12/02/2020,75-84 years,11
12/02/2020,85 years and over,13
12/02/2020,All Ages,0
12/02/2020,Under 1 year,0
12/02/2020,0-17 years,0
12/02/2020,1-4 years,0
12/02/2020,5-14 years,0
12/02/2020,15-24 years,0
12/02/2020,18-29 years,0
12/02/2020,25-34 years,0
12/02/2020,30-49 years,0
12/02/2020,35-44 years,0
12/02/2020,45-54 years,0
12/02/2020,50-64 years,0
12/02/2020,55-64 years,0
12/02/2020,65-74 years,0
12/02/2020,75-84 years,0
12/02/2020,85 years and over,0
12/02/2020,All Ages,4129
12/02/2020,All Ages,2089
12/02/2020,Under 1 year,0
12/02/2020,0-17 years,0
12/02/2020,1-4 years,0
12/02/2020,5-14 years,0
12/02/2020,15-24 years,
12/02/2020,18-29 years,
12/02/2020,25-34 years,12
12/02/2020,30-49 years,92
12/02/2020,35-44 years,36
12/02/2020,45-54 years,111
12/02/2020,50-64 years,372
12/02/2020,55-64 years,307
12/02/2020,65-74 years,481
12/02/2020,75-84 years,601
12/02/2020,85 years and over,537
12/02/2020,All Ages,2039
12/02/2020,Under 1 year,0
12/02/2020,0-17 years,0
12/02/2020,1-4 years,0
12/02/2020,5-14 years,0
12/02/2020,15-24 years,
12/02/2020,18-29 years,
12/02/2020,25-34 years,
12/02/2020,30-49 years,48
12/02/2020,35-44 years,24
12/02/2020,45-54 years,66
12/02/2020,50-64 years,204
12/02/2020,55-64 years,156
12/02/2020,65-74 years,368
12/02/2020,75-84 years,539
12/02/2020,85 years and over,878
12/02/2020,All Ages,
12/02/2020,Under 1 year,0
12/02/2020,0-17 years,0
12/02/2020,1-4 years,0
12/02/2020,5-14 years,0
12/02/2020,15-24 years,0
12/02/2020,18-29 years,0
12/02/2020,25-34 years,0
12/02/2020,30-49 years,0
12/02/2020,35-44 years,0
12/02/2020,45-54 years,
12/02/2020,50-64 years,
12/02/2020,55-64 years,0
12/02/2020,65-74 years,0
12/02/2020,75-84 years,0
12/02/2020,85 years and over,0
12/02/2020,All Ages,2365
12/02/2020,All Ages,1287
12/02/2020,Under 1 year,0
12/02/2020,0-17 years,0
12/02/2020,1-4 years,0
12/02/2020,5-14 years,0
12/02/2020,15-24 years,
12/02/2020,18-29 years,
12/02/2020,25-34 years,
12/02/2020,30-49 years,55
12/02/2020,35-44 years,28
12/02/2020,45-54 years,59
12/02/2020,50-64 years,193
12/02/2020,55-64 years,158
12/02/2020,65-74 years,280
12/02/2020,75-84 years,351
12/02/2020,85 years and over,400
12/02/2020,All Ages,1078
12/02/2020,Under 1 year,0
12/02/2020,0-17 years,
12/02/2020,1-4 years,0
12/02/2020,5-14 years,0
12/02/2020,15-24 years,
12/02/2020,18-29 years,
12/02/2020,25-34 years,
12/02/2020,30-49 years,25
12/02/2020,35-44 years,11
12/02/2020,45-54 years,33
12/02/2020,50-64 years,98
12/02/2020,55-64 years,78
12/02/2020,65-74 years,207
12/02/2020,75-84 years,282
12/02/2020,85 years and over,463
12/02/2020,All Ages,0
12/02/2020,Under 1 year,0
12/02/2020,0-17 years,0
12/02/2020,1-4 years,0
12/02/2020,5-14 years,0
12/02/2020,15-24 years,0
12/02/2020,18-29 years,0
12/02/2020,25-34 years,0
12/02/2020,30-49 years,0
12/02/2020,35-44 years,0
12/02/2020,45-54 years,0
12/02/2020,50-64 years,0
12/02/2020,55-64 years,0
12/02/2020,65-74 years,0
12/02/2020,75-84 years,0
12/02/2020,85 years and over,0
12/02/2020,All Ages,426
12/02/2020,All Ages,202
12/02/2020,Under 1 year,0
12/02/2020,0-17 years,0
12/02/2020,1-4 years,0
12/02/2020,5-14 years,0
12/02/2020,15-24 years,0
12/02/2020,18-29 years,
12/02/2020,25-34 years,
12/02/2020,30-49 years,0
12/02/2020,35-44 years,0
12/02/2020,45-54 years,
12/02/2020,50-64 years,18
12/02/2020,55-64 years,13
12/02/2020,65-74 years,58
12/02/2020,75-84 years,74
12/02/2020,85 years and over,51
12/02/2020,All Ages,223
12/02/2020,Under 1 year,0
12/02/2020,0-17 years,0
12/02/2020,1-4 years,0
12/02/2020,5-14 years,0
12/02/2020,15-24 years,0
12/02/2020,18-29 years,
12/02/2020,25-34 years,
12/02/2020,30-49 years,
12/02/2020,35-44 years,
12/02/2020,45-54 years,
12/02/2020,50-64 years,20
12/02/2020,55-64 years,15
12/02/2020,65-74 years,56
12/02/2020,75-84 years,59
12/02/2020,85 years and over,80
12/02/2020,All Ages,
12/02/2020,Under 1 year,0
12/02/2020,0-17 years,0
12/02/2020,1-4 years,0
12/02/2020,5-14 years,0
12/02/2020,15-24 years,0
12/02/2020,18-29 years,0
12/02/2020,25-34 years,0
12/02/2020,30-49 years,0
12/02/2020,35-44 years,0
12/02/2020,45-54 years,0
12/02/2020,50-64 years,0
12/02/2020,55-64 years,0
12/02/2020,65-74 years,0
12/02/2020,75-84 years,0
12/02/2020,85 years and over,
12/02/2020,All Ages,3537
12/02/2020,All Ages,1918
12/02/2020,Under 1 year,
12/02/2020,0-17 years,
12/02/2020,1-4 years,0
12/02/2020,5-14 years,0
12/02/2020,15-24 years,
12/02/2020,18-29 years,
12/02/2020,25-34 years,10
12/02/2020,30-49 years,53
12/02/2020,35-44 years,18
12/02/2020,45-54 years,73
12/02/2020,50-64 years,223
12/02/2020,55-64 years,178
12/02/2020,65-74 years,433
12/02/2020,75-84 years,583
12/02/2020,85 years and over,618
12/02/2020,All Ages,1619
12/02/2020,Under 1 year,0
12/02/2020,0-17 years,0
12/02/2020,1-4 years,0
12/02/2020,5-14 years,0
12/02/2020,15-24 years,
12/02/2020,18-29 years,
12/02/2020,25-34 years,
12/02/2020,30-49 years,29
12/02/2020,35-44 years,12
12/02/2020,45-54 years,43
12/02/2020,50-64 years,142
12/02/2020,55-64 years,113
12/02/2020,65-74 years,254
12/02/2020,75-84 years,444
12/02/2020,85 years and over,744
12/02/2020,All Ages,0
12/02/2020,Under 1 year,0
12/02/2020,0-17 years,0
12/02/2020,1-4 years,0
12/02/2020,5-14 years,0
12/02/2020,15-24 years,0
12/02/2020,18-29 years,0
12/02/2020,25-34 years,0
12/02/2020,30-49 years,0
12/02/2020,35-44 years,0
12/02/2020,45-54 years,0
12/02/2020,50-64 years,0
12/02/2020,55-64 years,0
12/02/2020,65-74 years,0
12/02/2020,75-84 years,0
12/02/2020,85 years and over,0
12/02/2020,All Ages,184
12/02/2020,All Ages,97
12/02/2020,Under 1 year,0
12/02/2020,0-17 years,0
12/02/2020,1-4 years,0
12/02/2020,5-14 years,0
12/02/2020,15-24 years,0
12/02/2020,18-29 years,0
12/02/2020,25-34 years,
12/02/2020,30-49 years,
12/02/2020,35-44 years,
12/02/2020,45-54 years,
12/02/2020,50-64 years,10
12/02/2020,55-64 years,
12/02/2020,65-74 years,23
12/02/2020,75-84 years,32
12/02/2020,85 years and over,28
12/02/2020,All Ages,87
12/02/2020,Under 1 year,0
12/02/2020,0-17 years,0
12/02/2020,1-4 years,0
12/02/2020,5-14 years,0
12/02/2020,15-24 years,0
12/02/2020,18-29 years,
12/02/2020,25-34 years,
12/02/2020,30-49 years,
12/02/2020,35-44 years,
12/02/2020,45-54 years,
12/02/2020,50-64 years,
12/02/2020,55-64 years,
12/02/2020,65-74 years,
12/02/2020,75-84 years,25
12/02/2020,85 years and over,40
12/02/2020,All Ages,0
12/02/2020,Under 1 year,0
12/02/2020,0-17 years,0
12/02/2020,1-4 years,0
12/02/2020,5-14 years,0
12/02/2020,15-24 years,0
12/02/2020,18-29 years,0
12/02/2020,25-34 years,0
12/02/2020,30-49 years,0
12/02/2020,35-44 years,0
12/02/2020,45-54 years,0
12/02/2020,50-64 years,0
12/02/2020,55-64 years,0
12/02/2020,65-74 years,0
12/02/2020,75-84 years,0
12/02/2020,85 years and over,0
12/02/2020,All Ages,951
12/02/2020,All Ages,559
12/02/2020,Under 1 year,0
12/02/2020,0-17 years,
12/02/2020,1-4 years,0
12/02/2020,5-14 years,0
12/02/2020,15-24 years,
12/02/2020,18-29 years,
12/02/2020,25-34 years,
12/02/2020,30-49 years,45
12/02/2020,35-44 years,22
12/02/2020,45-54 years,47
12/02/2020,50-64 years,107
12/02/2020,55-64 years,78
12/02/2020,65-74 years,150
12/02/2020,75-84 years,161
12/02/2020,85 years and over,90
12/02/2020,All Ages,392
12/02/2020,Under 1 year,0
12/02/2020,0-17 years,
12/02/2020,1-4 years,0
12/02/2020,5-14 years,
12/02/2020,15-24 years,
12/02/2020,18-29 years,
12/02/2020,25-34 years,
12/02/2020,30-49 years,13
12/02/2020,35-44 years,
12/02/2020,45-54 years,25
12/02/2020,50-64 years,78
12/02/2020,55-64 years,60
12/02/2020,65-74 years,81
12/02/2020,75-84 years,106
12/02/2020,85 years and over,107
12/02/2020,All Ages,0
12/02/2020,Under 1 year,0
12/02/2020,0-17 years,0
12/02/2020,1-4 years,0
12/02/2020,5-14 years,0
12/02/2020,15-24 years,0
12/02/2020,18-29 years,0
12/02/2020,25-34 years,0
12/02/2020,30-49 years,0
12/02/2020,35-44 years,0
12/02/2020,45-54 years,0
12/02/2020,50-64 years,0
12/02/2020,55-64 years,0
12/02/2020,65-74 years,0
12/02/2020,75-84 years,0
12/02/2020,85 years and over,0
